,variation,conversion,total,proportion,prop*100
0,control,6358,143420,0.044331334541904896,4.433133454190489
1,test,11838,177787,0.06658529588777583,6.658529588777583
