,variation,conversion,total,proportion,prop*100
0,control,9119,138038,0.06606151929178922,6.606151929178922
1,test,12017,175866,0.06833043339815541,6.833043339815541
