,variation,conversion,total,proportion,prop*100
0,control,6170.0,138038,0.04469783682754024,4.4697836827540245
1,test,11759.0,175866,0.06686340736697258,6.686340736697257
